5934650.8,331850.5,624.8
5934646.7,331848.3,625
5934635.7,331841.8,625.8
5934612.3,331831.2,627.5
5934598.4,331829.6,628.2
5934577.4,331821.5,629.5
5934555.7,331814.4,630.8
5934530.5,331804.6,632
5934503.2,331792.5,633.1
5934469.7,331783.1,634.4
5934437.1,331768.2,634.7
5934430.6,331766.3,634.7
5934425.4,331765.4,634.8
5934352.1,331746.9,636.4
5934346.9,331745,636.5
5934301.3,331733.3,637.7
5934260.1,331722.5,639.4
5934251.4,331720.8,639.9
5934220.7,331714.9,641.6
5934166.6,331710.5,645.5
5934163,331708.8,645.6
5934114.7,331698.3,647.7
5934103.7,331696,648.4
5934066.8,331688,649.7
5934027.2,331679.3,651.9
5934022.7,331674.2,651.5
5933990.2,331666.6,653.5
5933978.9,331661,653.7
5933957,331653.6,654.6
5933951.2,331650,654.6
5933918.8,331641.1,656.7
5933889,331629.9,658.5
5933865.6,331624.6,659.9
5933859.9,331623,660.1
5933842.2,331620.4,661.2
5933815.9,331616.7,662.7
5933813.7,331615.8,662.7
5933790.1,331613.4,663.7
5933762.1,331609.8,664.6
5933727.5,331607.5,665.1
5933696.9,331604.5,665.1
5933690.6,331606.7,665.2
5933684.4,331604.4,665.1
5933666.6,331603.9,665.1
5933644.3,331606.7,665.4
5933614.4,331606.5,665.8
5933585.3,331602.8,666.1
5933559.1,331602.7,666.1
5933540.1,331603.9,666.3
5933521.8,331608.7,666.7
5933504.6,331611,666.8
5933489.8,331610.1,666.8
5933478.9,331613.9,667.1
5933472.8,331618.3,667.2
5933466.8,331622.7,667.4
5933446.7,331636.2,667.8
5933433.9,331642.2,667.7
5933418.7,331658.2,667.8
5933395.2,331722.1,669
5933389.7,331744.4,669
5933373.1,331802.3,669
5933362.8,331828.4,669.3
5933337.4,331901.9,670
5933335.3,331907.3,670
5933323.2,331930.5,670
5933310.4,331947.4,670
5933295,331977.3,670
5933284.1,332002.2,670
5933278.3,332062.3,670
5933276.3,332145.4,671
5933277,332151.2,671
5933282.4,332232.2,672
5933283.1,332239,672
5933283.9,332298.5,673
5933283.7,332306.2,673
5933284.2,332353.5,674
5933282.9,332405,674.4
5933281.3,332452.3,675
5933278.8,332506.2,675.8
5933276,332578.9,676
5933273.6,332594.3,675.8
5933273.4,332599.1,675.7
5933268.9,332644.7,675
5933268.7,332650.5,675
5933266.1,332709.2,675
5933263.8,332756.8,675
5933263.8,332762.7,675
5933264.3,332797.6,675
5933264,332804,675
5933264.8,332807.8,675
5933267.9,332835,675
5933273.9,332851.2,675
5933276.4,332858.2,675
5933293.1,332889.9,675.5
5933305.7,332907.7,676
5933309.2,332913.9,676
5933322.4,332944.5,676
5933334.4,332979,676
5933350.2,332993.8,676
5933357.6,332999.6,676
5933433.7,333034,676
5933497.2,333043.6,675
5933505.4,333047.4,675
5933561.1,333038.8,674.2
5933588.4,333036.9,673.9
5933606,333035.2,673.8
5933630.4,333037.6,673.3
5933701.1,333048,672
5933707.5,333048.9,671.8
5933763.1,333054.7,670.1
5933771.8,333054.7,669.7
5933825.5,333054.1,667.1
5933879.5,333057.3,662.4
5933899.9,333051.3,661
5933912.8,333051.2,659.7
5933919.2,333053.5,658.8
5933947,333058.3,654.5
5934029.7,333057.7,642
5934067.9,333047.9,636.3
5934091.3,333038.4,632.7
5934127.3,333020.9,627.6
5934175.1,333007.8,622.1
5934190.4,333009,620.6
5934198.2,333007.7,619.8
5934223.3,333000.2,618.6
5934226.1,332993.6,618.6
5934229.3,332973.4,619
5934235.2,332946.7,619.9
5934246,332923.8,619.7
5934266.2,332886.8,619.4
5934304.1,332817.8,618.4
5934336.9,332758.2,616.9
5934368.6,332684.1,616.9
5934390.3,332620.5,617.3
5934396.8,332583.8,617.6
5934404.5,332550.5,617.5
5934417.4,332515.1,617.8
5934428.7,332491.2,617.6
5934441,332477.7,617.5
5934449.4,332461.7,617.4
5934456.5,332447.9,617.2
5934468.2,332415.6,616.8
5934477.6,332373.8,617.6
5934479.1,332368,617.7
5934489.9,332324.9,617.8
5934493.9,332287.5,619
5934495.4,332244.3,621.7
5934487.1,332190.6,627.3
5934502.7,332149.3,629.4
5934498.8,332129.4,632.3
5934499.8,332123.8,632.6
5934518.8,332106.4,630.8
5934527.6,332091.1,630.3
5934544.6,332060.5,629.1
5934556.4,332033.4,628.6
5934565.6,332002.3,628.4
5934592.8,331966.4,626.4
5934601.3,331951.7,625.6
5934615,331934.5,625
5934619.6,331921.4,625
5934619.7,331916.6,625
5934618.5,331910.8,625.3
5934607.4,331884.1,626.7
5934608,331872.6,626.8
5934602.7,331865.8,627.2
5934592,331855.7,628
5934585.1,331852.6,628.4
5934576.8,331849.5,629
5934565.5,331847.9,629.9
5934538,331846.8,631.8
5934509.5,331841.4,633.5
5934481.5,331837.1,635.2
5934446,331830.7,637.3
5934421.7,331824.3,638.3
5934389.7,331815.5,639.6
5934358.7,331809.5,641.1
5934327.8,331806.4,643.3
5934304.7,331797.5,644.1
5934279,331790.3,645.6
5934250,331788.7,648
5934229.5,331781.9,649
5934207.6,331774.4,649.8
5934183.2,331773.4,651.9
5934177.6,331774.2,652.5
5934152.9,331767.8,654
5934094.6,331753.6,656.1
5934089.6,331753.1,656.4
5934062.6,331746.1,657.7
5934058.7,331742.7,657.6
5934039.1,331741.4,658.7
5934034.6,331739.7,658.8
5933984.8,331720.3,660.3
5933898.1,331680.8,662.8
5933888.1,331678.4,663.3
5933853.2,331664.2,664.2
5933832.7,331658.4,664.8
5933800.2,331656.9,665.9
5933771.1,331654.7,666.4
5933743.3,331655.8,666.9
5933711.8,331659.9,667
5933700.9,331659.7,667
5933679.4,331662.2,667.2
5933658,331661.3,667.2
5933633.9,331664.4,667.4
5933614.8,331659.3,667.3
5933596.6,331655.6,667.3
5933587.4,331655.2,667.6
5933580.3,331655.8,667.7
5933562.5,331657.4,668
5933545.2,331659.1,668
5933531.8,331658.6,668
5933519.7,331660.8,668
5933504.7,331664.6,668
5933492.3,331669.5,668
5933481.9,331673.6,668.2
5933473.6,331677,668.3
5933465.6,331682.5,668.4
5933454.1,331700.2,668.8
5933443.7,331720.4,669
5933431.2,331745.9,669
5933420.7,331764.7,669
5933404.5,331788.8,669
5933389.5,331813.1,669
5933376,331835.3,669.7
5933360.3,331859.1,669.9
5933345.8,331880.8,670
5933337.6,331896.8,670
5933332.3,331908.8,670
5933330,331918.7,670
5933327.8,331935,670
5933326.9,331961.2,670
5933325.8,331990.5,670
5933321.5,332027.5,670
5933321.2,332040.2,670
5933319.7,332052,670
5933319.4,332065.5,670
5933318.8,332082,670
5933318.2,332095.4,670
5933317.8,332112.2,670
5933315.9,332135.9,670.4
5933314.8,332160.5,671
5933315.8,332193.1,671
5933315.5,332221,672.1
5933315.5,332245.5,672
5933316.3,332249.4,672
5933318.5,332269.5,672.9
5933319.5,332274.8,673.1
5933321.3,332303.1,673
5933320,332340.9,674
5933324.2,332380.4,674
5933329.1,332424,675
5933331.2,332473.8,675
5933329.3,332498,675.5
5933328.3,332515.9,676
5933329,332542,676
5933328.1,332567.4,676
5933325.1,332592.5,676
5933324.5,332608.6,675.9
5933323.3,332634.8,675.2
5933322.9,332651.4,675
5933322.7,332659,675
5933320.8,332688.7,675
5933321,332726,675
5933320.8,332730.8,675
5933320.6,332749.7,675
5933318.8,332770.6,675
5933319.5,332786.4,675
5933321.6,332802.7,675.1
5933325.4,332823.6,675.5
5933330.3,332841.6,675.7
5933334.5,332856.5,675.9
5933339.6,332880.9,676
5933345,332897.4,676
5933353.2,332914.9,676
5933364,332932.6,676
5933369.4,332935,676
5933380.6,332943.1,676
5933398.4,332966.2,676
5933417.4,332981.2,676
5933432.7,332989.9,676
5933449.1,332996.6,676
5933464.9,333000.8,675.8
5933479.7,333004.7,675.3
5933483.6,333006.2,675.2
5933499.6,333009.3,675
5933519.5,333010.6,675
5933546.1,333012.8,674.4
5933574.7,333018.5,674.1
5933616.6,333020.8,673.6
5933641.5,333020.6,673
5933661.5,333020,673
5933684.8,333018.7,672.7
5933719.5,333015,672
5933750.2,333017.4,671.4
5933782.9,333016.2,670.6
5933826.4,333014.8,669.2
5933867.2,333003.1,667.8
5933901.5,333005.6,665.5
5933930.1,333002.6,662.9
5933941.5,332999.1,662
5933969.7,332996.5,658.2
5933999.8,332992.7,653.8
5934023,332988.9,650
5934041.5,332983,647
5934075.6,332973,640.9
5934119,332956.6,635
5934157.2,332944,629.5
5934170.8,332926.6,628.6
5934182.5,332915.4,627.5
5934191.3,332893.1,628.6
5934215.8,332863.8,627.3
5934239.1,332819.1,627.3
5934247.9,332786.8,627.9
5934255.3,332761.2,628.3
5934256.7,332755.6,628.3
5934256.4,332711.3,631.3
5934255.3,332670,633.7
5934253.8,332637.7,636.3
5934252.7,332624.8,637.4
5934257.8,332575.9,639.8
5934257.5,332541.6,643.1
5934267.3,332512.1,644.3
5934272.4,332489.8,645.4
5934273.1,332467.4,647.7
5934283.3,332448.8,647.6
5934289.8,332431.1,648.7
5934298.1,332419.1,648.1
5934314.5,332402.7,645.9
5934340.1,332381.9,641
5934367.2,332360.8,635.8
5934381.8,332348.4,633.2
5934396.3,332330.3,632.4
5934418.5,332297.2,630
5934442.2,332253.8,629.1
5934452.2,332228.5,629.4
5934453.5,332207.6,631.1
5934457.6,332177.9,633.6
5934455.5,332151,637.2
5934455,332134.1,639.1
5934455.6,332114.7,641.4
5934462.8,332083.8,641.9
5934471.8,332050.9,641.5
5934476.4,332035.9,641.3
5934479.1,332027.1,641
5934484.7,332019.7,640.3
5934491,332003.3,639.5
5934501.2,331981.1,637.9
5934504.8,331973.2,637
5934512.6,331953.9,635.5
5934519.2,331938,634.7
5934523.5,331927.7,634.1
5934526.7,331909.3,633.1
5934523.7,331885.6,633.3
5934507.6,331885.6,634.7
5934496.6,331882.8,635.6
5934473,331879.1,637.5
5934450.7,331874.8,639.2
5934424.8,331871.8,641.4
5934396.9,331868.2,643.5
5934369.4,331864.1,645.8
5934328.9,331858.6,649.4
5934288.2,331854.3,652.8
5934259,331847.6,654.5
5934215.1,331838.8,657.4
5934180.3,331828.9,658.8
5934144.7,331819.7,660
5934101.6,331807,661.1
5934071.2,331796.9,661.8
5934067.5,331795.4,661.8
5934022.6,331776,663
5933976.4,331761.3,664.6
5933970.1,331759.1,664.8
5933965.7,331757.3,664.9
5933911.2,331737.3,665.7
5933859.1,331716.2,666.5
5933852.6,331714.7,666.6
5933808.1,331701,667.1
5933776.5,331699.2,667.9
5933765.7,331696.9,667.9
5933762,331694.9,667.8
5933753.5,331695.5,667.9
5933739.6,331696.4,668
5933719.5,331697.8,668
5933684.6,331701.2,668.3
5933643,331704.1,668.5
5933610,331707.3,668.9
5933587.3,331712.1,669
5933573,331714.9,669
5933560.8,331717.8,669
5933541.9,331724.3,669
5933529.4,331727.7,669
5933513.1,331733.9,669
5933496.2,331743.9,669
5933476.7,331757.1,669
5933462.4,331772.7,669
5933440.9,331801.5,669.2
5933432.5,331821.5,669.9
5933430.4,331825.5,669.9
5933422.7,331849.7,670
5933412.7,331872.4,670
5933397.6,331903,670
5933385,331932,670
5933375.6,331953.9,670
5933368,331978.7,670
5933365.4,331998.2,670
5933363.3,332025.4,670
5933362.1,332063.2,670
5933361.1,332067.6,670
5933359.7,332109.7,670
5933356.3,332157.5,670.7
5933356.4,332198,671
5933354.5,332239.8,672
5933354,332262.7,672.4
5933354,332266.4,672.5
5933352.8,332298.8,673
5933350.4,332338.8,674
5933348.8,332384.7,674.3
5933347.3,332425.7,675
5933345.7,332473.5,675
5933345.2,332478.2,675
5933343.9,332507.4,675.8
5933343.8,332539.3,676
5933345,332572.2,676
5933341.4,332601,676
5933344.1,332631.8,675.6
5933345.7,332664.4,675
5933351.4,332715.5,675
5933348.5,332742.5,675
5933351.1,332773.6,675
5933353.8,332806.7,675.6
5933360.5,332834.1,676
5933367.4,332851.1,676
5933376.4,332878,676
5933385.4,332896.6,676
5933397.2,332919.7,676
5933408.3,332935.7,676
5933425.2,332952.3,676
5933442.6,332959.9,676
5933463.8,332968.1,675.9
5933479.6,332972,675.4
5933495.7,332977.7,675
5933513.7,332981.9,675
5933517.7,332978.5,675
5933520.6,332978.8,675
5933541.6,332982.3,674.5
5933571.9,332987,674.1
5933607.1,332995.1,673.8
5933652.7,333000.4,673
5933711,333007.8,672.3
5933715.1,333005.7,672.4
5933795.1,333010.3,670.5
5933801.7,333010.1,670.3
5933857.3,333002.7,668.3
5933891.2,332997.3,667.1
5933900.5,332999,666.1
5933924.7,332993.4,664.6
5933936.1,332989.3,663.5
5933959.8,332977.2,661.6
5933987.5,332967.7,658.3
5934007.4,332962.5,655.3
5934017.3,332958.5,654.1
5934038.7,332948.9,651.3
5934066.3,332939,647.1
5934078.7,332928.2,645.8
5934096.9,332919.6,643.3
5934125.2,332901,639.8
5934167.1,332868.5,635.2
5934165.7,332859.6,636.8
5934183.6,332825.9,637.4
5934191.9,332805.8,638
5934190.7,332770.8,642.5
5934185.7,332748.7,646.3
5934185.2,332713,650.5
5934185.6,332684.2,652.8
5934186.4,332662.2,654.4
5934188.2,332640.5,655.4
5934192.5,332600.8,656.7
5934202.7,332559.3,656.4
5934217.5,332518.2,656.1
5934227.2,332482.2,656.7
5934240.3,332454,656.1
5934247.2,332433.1,657.3
5934259.6,332409.1,657.4
5934276.2,332376.2,656.6
5934292.6,332343.3,655.9
5934313.7,332312.4,654.1
5934344.4,332274,649.6
5934363.3,332240.6,647.5
5934374.7,332220.7,646.5
5934393.4,332197.2,644.9
5934399.3,332195.4,643.8
5934404.3,332174.8,644.7
5934413.3,332153.1,645
5934428.4,332117.2,646.2
5934441.2,332071.2,646.5
5934454,332016.3,645.6
5934459.9,331984.5,644.1
5934465.7,331948.1,641.4
5934468.8,331926.9,639.9
5934463.1,331920.6,640.4
5934470,331910.5,639.3
5934459.6,331904.9,640.4
5934450.3,331901.9,641.1
5934439.3,331898.6,641.9
5934424.9,331897.6,643.1
5934405,331900.1,645.4
5934392.7,331899.8,646.7
5934364.7,331898,650.1
5934355.4,331898.5,651.1
5934315.1,331895.6,654.8
5934279.3,331890.2,657.8
5934241.6,331883.4,659.9
5934201.5,331881.2,662.3
5934170.2,331882.2,664.1
5934144.4,331876.2,664.2
5934126.1,331866.5,664.3
5934121.4,331865.6,664.4
5934092.2,331858.2,664.9
5934063.4,331845.4,665.4
5934033.4,331836,665.7
5934013.4,331827.3,666
5933989.6,331820.9,666.3
5933955.5,331813,667.2
5933922.4,331804,667.6
5933883.5,331798.8,668
5933851.8,331789.2,668
5933813.1,331786.8,668.9
5933783,331782.2,669
5933746.4,331780.5,669
5933720.7,331781.7,669
5933698.8,331777.3,669
5933680.8,331774.3,669
5933659,331773.4,669
5933654.9,331772.6,669
5933622.5,331773.8,669
5933592.1,331773.6,669
5933571.4,331776.2,669
5933565.4,331781.3,669
5933543.4,331784,669.1
5933520,331795.2,669.5
5933508.7,331803.8,669.7
5933480.5,331837.4,670
5933449.8,331883.8,670
5933430.9,331920.3,670
5933421.3,331942.5,670
5933414.2,331979.2,670
5933406.5,332029,670
5933402.2,332062,670
5933402.1,332065.9,670
5933399.9,332093.9,670
5933395.7,332136.7,670
5933392,332179.5,670.7
5933391.8,332183.3,670.8
5933392.7,332212.7,671.1
5933394.1,332244.3,671.9
5933396,332272.9,672.2
5933396.6,332309.4,673
5933394.9,332355.6,674
5933394.9,332410.7,675
5933394.6,332417.6,675
5933394.7,332471.7,675
5933392.9,332519.9,676
5933391.5,332561.1,676
5933390.2,332597.5,676
5933389.5,332615.1,676
5933389.3,332619,676
5933388.8,332634.7,676
5933388.1,332657.4,675.7
5933384.7,332679.5,675.1
5933390,332710.7,675
5933390.2,332733.4,675
5933393.2,332757.3,675.1
5933401,332782.6,675.9
5933407.3,332799.2,676
5933419.9,332825.8,676
5933422.8,332830.4,676
5933436.5,332855.3,676
5933447.7,332873.3,676
5933456.1,332889.3,676
5933460.7,332899.8,676
5933466.3,332908.2,676
5933469.9,332915.4,676
5933472.3,332919.9,676
5933478.1,332925.7,676
5933491.7,332935.5,676
5933515.8,332942,675.1
5933557.9,332947.9,675
5933563,332948.5,674.9
5933625.8,332959.1,673.9
5933634,332959.9,673.8
5933669.6,332964.2,673.1
5933729.3,332970.3,672.2
5933736.8,332970.1,672
5933779.7,332967.2,671.9
5933814.2,332963,671.4
5933818.1,332960.1,671.4
5933839.1,332956.2,670.9
5933858.1,332954,670.1
5933870.6,332944.9,670.2
5933893.3,332948.3,669
5933907.3,332942.3,668.5
5933935.1,332940.8,666.6
5933965,332935.4,664.1
5933988.1,332930.3,661.7
5934006.4,332924.4,659.7
5934017,332922.3,658.5
5934039.3,332911.6,655.6
5934070.7,332888.6,652.2
5934091.5,332868.6,650.1
5934104.7,332846.5,650.5
5934108.6,332819.4,653.5
5934110.4,332799.8,655.5
5934111.3,332765.1,659.1
5934117.1,332701.4,664
5934124.9,332681.3,664.4
5934137.1,332644.1,664.8
5934147.7,332612.9,664.7
5934162.7,332557,664.5
5934185.4,332516.9,662.5
5934187.6,332496.9,663.1
5934188.6,332494.8,663.1
5934192.5,332486.2,662.9
5934205.1,332452.6,662.6
5934221.1,332404.8,663.5
5934227.9,332363.1,665.3
5934243.2,332317.8,665.9
5934258.2,332282.5,665.9
5934260.9,332273.7,665.7
5934277.5,332231.1,664.6
5934281.7,332223.4,664.5
5934303.7,332193.8,662.1
5934328.8,332158.8,659.8
5934345.4,332130.1,658.9
5934362.5,332096.9,657.8
5934373.5,332068.3,657.7
5934383.1,332033.3,655.7
5934394,331998.1,654.1
5934395.6,331992.4,653.5
5934406,331966.8,650.6
5934404.7,331945.3,649.3
5934405.9,331933.7,648.3
5934403,331918.9,647.3
5934393.3,331911.7,647.7
5934383.1,331909.8,648.8
5934371.6,331910.2,650.3
5934365.3,331909.4,651.1
5934346.8,331913.5,653.3
5934340.1,331911.8,653.8
5934318.3,331914.9,656.4
5934299,331916.4,658.5
5934268.6,331917.8,661.4
5934225.8,331922,663.7
5934184.4,331922.1,665.5
5934180.7,331921.7,665.6
5934131,331914,666.6
5934102,331908.8,666.8
5934088.7,331901,666.9
5934066.6,331894.7,667
5934037.4,331891.5,667.4
5934020.2,331884,667.4
5933979.8,331874.1,667.9
5933940.3,331861.7,668.1
5933882.7,331850.4,669
5933830.1,331852.6,669
5933798,331850.8,669.3
5933773.4,331856,669.8
5933754.5,331855.4,670
5933728.4,331853.9,670
5933692.6,331852.5,670
5933672.6,331853.9,670
5933654.1,331853.2,670
5933640.6,331855.1,670
5933625,331858.5,670
5933603.3,331862.5,670
5933582.7,331869.5,670
5933561.2,331875.5,670
5933550,331879.9,670
5933539.9,331883.2,670
5933524.5,331892,670
5933513.3,331900.4,670
5933496.4,331916.8,670
5933487.3,331928.5,670
5933480.1,331943.4,670
5933469.4,331965.6,670
5933459.5,332006.9,670
5933452.6,332041.4,670
5933448.9,332071.3,670
5933446.1,332096.1,670
5933440.4,332122.7,670
5933429.7,332175.3,670.3
5933423.5,332237.7,671.6
5933423.3,332242.6,671.8
5933419.2,332276.2,672
5933419,332305.9,672.9
5933421.4,332346.4,673.9
5933419.7,332393.8,674.3
5933417.9,332445.1,675
5933417.2,332491.4,675.7
5933417.7,332532,676
5933423.7,332554,676
5933429.7,332577.1,676
5933434.8,332600.2,676
5933440.4,332621,676
5933455.5,332649.1,676
5933465.9,332677.2,676
5933474.3,332704.2,676
5933477.8,332734.8,675.7
5933480.5,332741.3,675.6
5933485.1,332766.1,675.7
5933485.9,332771.1,675.8
5933487.9,332788.5,676
5933491.3,332804.7,676
5933498,332823.2,675.9
5933505.5,332841.2,675.7
5933511.6,332852,675.7
5933529.6,332870.7,675.6
5933531.5,332872.9,675.5
5933564.5,332889.5,675
5933606.3,332901.1,674.6
5933628.5,332903.4,674.2
5933659.2,332912.7,674
5933701.7,332922.3,673.1
5933748.2,332930.3,672.8
5933793.4,332936,672
5933798.7,332936.5,672
5933844.2,332937,671.2
5933873.3,332931.1,670.6
5933878.7,332927.5,670.4
5933892.2,332922.6,670
5933912.9,332911.1,669.6
5933936.5,332903.6,668.6
5933947,332896.1,668.6
5933956.3,332889.5,668.7
5933977.2,332873,667.1
5933988.9,332861.1,666.7
5934007,332849.1,665.3
5934012.1,332836.6,665.3
5934016.4,332796.1,667.5
5934029.8,332763.1,668.2
5934054.4,332728.8,668
5934067,332708,668
5934083.5,332653.9,669.1
5934115.7,332594.6,669.3
5934116.8,332542.1,669.8
5934144.5,332509.9,668
5934148.8,332502.6,667.8
5934173.2,332474.6,666
5934186.3,332433.4,665.9
5934198.4,332400.9,666.3
5934217.7,332362.8,666.3
5934235.4,332323.2,666.5
5934243.6,332299,666.6
5934253.3,332267,666.8
5934256.6,332231.9,667.2
5934262.3,332212.3,667.7
5934271,332187.8,666.7
5934282.7,332164.9,665.9
5934286.4,332151.6,665.6
5934295.7,332127.3,665
5934299.2,332113.3,664.8
5934306.9,332093.1,664.3
5934313.7,332074.9,663.8
5934322.7,332058.8,663.1
5934325.9,332043.5,662.7
5934325.2,332025.4,662.2
5934326.4,332018.8,662
5934329.8,332011.7,661.6
5934321.2,331994.6,662
5934320.1,331981.8,661.3
5934306.7,331979.5,662.3
5934291.8,331973.3,663
5934268.5,331970.1,664.2
5934239.7,331971.6,665.5
5934205.5,331966.8,666.9
5934165.6,331965.9,667.9
5934130.1,331962.5,668.1
5934081.3,331952,668.2
5934037.8,331942,668.4
5934007.6,331936.1,668.6
5933971.4,331928.8,669
5933934.5,331925.4,668.9
5933902.7,331924.8,669.6
5933876.1,331925,669.9
5933833.4,331926.8,670
5933782.3,331923.1,670
5933732.9,331926.2,670
5933703.9,331921.7,670
5933680.8,331922.4,670
5933662.8,331924.5,670
5933643,331929.1,670
5933619.1,331937.9,670
5933596.2,331948.7,670
5933580.9,331959.3,670
5933563.5,331975.7,670
5933537.7,332002.7,670
5933513.2,332038.6,670
5933492,332080.5,670
5933481.9,332112.6,670
5933475.5,332139.2,670
5933464,332201.2,670.9
5933461.3,332248.9,671.4
5933459.5,332297.6,672.4
5933459.3,332302.6,672.6
5933458.3,332331.4,672.9
5933457.7,332348.2,673.5
5933456,332367.5,674
5933455.4,332401,674.4
5933454.2,332435.4,675
5933457.3,332469.1,675
5933470.2,332514.4,676
5933471.1,332517.4,676
5933483.6,332557.3,676
5933494.2,332589.2,676
5933500.8,332619.3,676
5933512.3,332656.8,676
5933513.3,332657.9,676
5933521,332680.7,675.9
5933528.3,332701.3,675.1
5933531.5,332710.3,674.9
5933533.4,332722,675
5933541,332734.5,675
5933551.7,332754.6,675
5933562.5,332770.8,675
5933580.3,332787.6,675
5933585.3,332793.1,675
5933603.3,332808,674.5
5933631.6,332824.8,674
5933666.8,332837.8,674
5933699.7,332846.8,673.9
5933749.1,332856.8,673
5933803.1,332864.2,673
5933853.8,332869,672.1
5933871.7,332864.4,671.9
5933883.6,332855.3,671.9
5933895.6,332833.9,672
5933899.4,332831.3,671.9
5933913.1,332820,671.7
5933929.1,332811.4,671.4
5933935.4,332799.9,671.2
5933935.8,332789.5,671.3
5933947,332780.7,671.3
5933964.7,332777.7,670.8
5933972,332766.7,670.6
5933979.2,332761.4,670.4
5933986.2,332743.6,670.7
5934010,332714.1,670.9
5934021.3,332684.1,671.4
5934035.3,332666.7,671
5934043.2,332637.5,671.4
5934046.4,332614.8,671.6
5934073.8,332551,671.5
5934099,332507.6,671.4
5934109.9,332468.9,671.1
5934109.9,332466.7,671.1
5934111.1,332462.4,671.1
5934117.7,332423.5,670.8
5934133.1,332384.7,671
5934130.9,332375.2,671.1
5934153.4,332332.7,670.7
5934166.8,332297.9,670.9
5934180.9,332267.4,671
5934194.2,332231.4,671.1
5934197.6,332225,671.2
5934215.7,332200.7,671
5934217.4,332186.7,670.9
5934229.3,332167.3,670.5
5934239.4,332144.3,669.8
5934254.1,332117.8,668.7
5934253.7,332097.5,668.5
5934261.5,332080.1,668.1
5934261,332053.7,667.4
5934260.4,332042.9,667
5934253.6,332033.2,667.2
5934243.8,332026.9,667.7
5934233,332022.7,668.1
5934220.7,332019.7,668.3
5934207.4,332017.8,668.6
5934196.7,332015.9,668.8
5934179.9,332014,669
5934156.1,332013.4,669.2
5934126.5,332011.9,669.3
5934070.9,332013.8,669.7
5934017.4,332014.2,670
5933954.8,332011.3,670
5933909.8,332009.2,670
5933861.7,332006.5,670
5933798.2,332008.2,670.2
5933761,332007.7,670.2
5933718.2,332009,670
5933702.1,332011.6,670
5933685.5,332016.4,670
5933667.4,332021.2,670
5933658.7,332023.8,670
5933648.4,332030.8,670
5933643.1,332034.1,670
5933638.3,332037.9,670
5933615,332052.5,670
5933611.9,332054.6,670
5933579.3,332077.5,670
5933561.7,332092.7,670
5933546.1,332108.9,670
5933535.2,332130.1,670
5933523.8,332163.3,670
5933517.9,332187.5,670
5933504,332223.2,671
5933502.8,332226.2,671
5933496.1,332247.2,671.2
5933494.3,332294.2,672
5933494.9,332346.3,673.1
5933495.1,332373.5,674
5933493.9,332421.1,674.7
5933498.5,332456.9,675
5933506.5,332489.2,675.4
5933516.6,332524.4,676
5933539.8,332578,676
5933555.4,332620.7,676
5933567.9,332654.5,675.9
5933583.7,332683.2,675
5933598.7,332696.6,675
5933622.4,332707.4,675
5933650,332712.7,675
5933671.9,332713.9,675
5933702.2,332718.6,674.7
5933718.3,332722,674.3
5933749.3,332731.9,674
5933763.7,332734.3,674
5933782.3,332740.8,674
5933800.2,332741.9,674
5933814.1,332741.3,673.9
5933835.6,332741.9,673.6
5933847.4,332737.4,673.5
5933850.1,332736.8,673.4
5933859,332733.3,673.3
5933878.1,332730.3,673
5933891.6,332719.8,673
5933913.6,332706.4,672.9
5933931.2,332691.8,673.1
5933935,332683.2,673
5933937.3,332674.5,673
5933953,332659.9,673
5933960.3,332649.9,673.1
5933974.6,332622.7,672.9
5933981.8,332604.6,673.1
5933996.9,332574.8,673
5934003,332561.4,672.9
5934044.8,332512.7,672.6
5934047.4,332506.4,672.6
5934057.1,332443,672.3
5934093.9,332386.9,671.7
5934110.7,332324.9,671.8
5934137.5,332271.3,671.9
5934139,332265.9,671.9
5934147.6,332231.5,672
5934161.3,332196.2,672
5934161.4,332191.9,672
5934166,332165.2,672
5934168.7,332143.1,672
5934174.1,332123.5,671.8
5934176.3,332101.2,670.9
5934168.5,332092.4,670.9
5934158.6,332089.4,671
5934131.7,332087.8,671
5934106.6,332085.3,671
5934083.8,332081.1,671
5934054.9,332083.6,671
5934029.5,332083.5,671
5933985.5,332083.5,671
5933928.8,332085.4,671
5933884.8,332089.3,671
5933845.8,332092.5,671
5933839.2,332094.7,671
5933808.6,332098.2,671
5933776.2,332100.6,671
5933747.4,332105.7,671
5933729.1,332108,671
5933711.4,332110.5,671
5933671.8,332119.4,670.6
5933642.6,332125.2,670.1
5933631.1,332129.4,670.1
5933621.8,332133.9,670.1
5933613.2,332139.2,670
5933601,332147.3,670
5933594.4,332152.3,670
5933584.4,332165.7,670
5933570.9,332198.6,670.3
5933553.3,332247.7,671
5933552.1,332251.8,671
5933545.3,332297,672
5933544.8,332340.3,673.1
5933545.1,332387.6,673.9
5933542.5,332437.8,674.8
5933543.3,332444.8,675
5933544,332480.7,675
5933552.2,332503.3,676
5933556.8,332522.7,676
5933564.3,332542.8,676
5933577.2,332560.4,676
5933597.5,332577.7,676
5933619.5,332597.2,676
5933637.4,332612.6,676
5933665.2,332628.8,675.5
5933667.2,332629.9,675.4
5933684.8,332635.7,675
5933707.8,332643.5,675
5933712,332643.7,675
5933728.4,332645.6,675
5933748,332645.9,675
5933750,332646,675
5933774.7,332649.7,675
5933799.6,332643.5,675
5933831,332639,674.7
5933839.8,332637.5,674.6
5933873.2,332633.6,674.3
5933899.9,332624.4,674
5933913.7,332620,674
5933930.5,332608.6,674.1
5933943.5,332596.6,674
5933964.9,332557.2,674
5933967.3,332552,674
5933988.4,332503.8,673.8
5934000.3,332437.8,673
5934002.7,332432.6,672.9
5934029.2,332388.3,672.5
5934008.8,332382.7,672.9
5934017.2,332347.8,672.5
5934048.4,332321.5,672
5934063.5,332293.5,672
5934077.3,332268.5,672
5934086.3,332243.1,672
5934098.9,332215.6,672
5934102.5,332189.1,672
5934103.3,332172.5,672
5934090.4,332156.1,672
5934068.9,332151.7,672
5934047.3,332149.5,672
5934020.7,332146.8,671.7
5933989,332144.3,671.6
5933986.7,332144.4,671.5
5933939.5,332143,671
5933908.3,332142.6,671
5933880.2,332141.7,671
5933851.4,332148,671.1
5933819.9,332154.8,671
5933772.6,332168.1,671
5933731.9,332183.9,671
5933702.6,332195.8,671
5933679.2,332209,671
5933658,332223.1,671
5933646.1,332230.2,671
5933629,332245.4,671
5933619.5,332254.5,671
5933608.5,332267.6,671.1
5933603.1,332276.7,671.2
5933599.5,332288.8,671.5
5933598.3,332294.9,671.8
5933594.2,332324.2,672.1
5933589.3,332369,673
5933589,332378.1,673.1
5933587.7,332415.3,674
5933587.6,332456.6,675
5933590.9,332492,675.4
5933599.6,332516.7,676
5933607.2,332527.1,676
5933615.2,332538.7,676
5933622.2,332546.5,676
5933628.1,332555,676
5933651.3,332574.6,676
5933670.6,332585.5,676
5933709.8,332598,675.8
5933715.8,332598.2,675.8
5933757.2,332602.4,675
5933787.4,332603.2,675
5933818.3,332595.6,675
5933834.9,332590.3,675
5933847,332583.6,675
5933857.2,332578.9,675
5933868.5,332569.2,675
5933888.4,332551.4,674.9
5933906.8,332523.9,674.7
5933923.9,332494.5,674.4
5933921.5,332488.9,674.4
5933934.5,332454.5,674
5933940.5,332425.2,674
5933959.9,332385.6,673.1
5933971,332350.2,673
5933980,332319.1,672.7
5933985.7,332297.5,672
5934003.2,332270.6,672
5934009.6,332261.2,672
5934005.7,332249.5,672
5934006.2,332227.4,672
5933997.8,332210.7,672
5933984.5,332206.2,672
5933978.9,332204.1,672
5933967.3,332204.2,672
5933949.2,332209.7,672
5933943.7,332211,672
5933915.4,332219,672
5933887.6,332229.3,672
5933867,332236.3,672
5933844.4,332243.8,672
5933821,332249.6,672
5933809.8,332251.4,672
5933790.2,332254.3,672
5933770.6,332258.3,671.9
5933756.5,332263.3,671.8
5933735.7,332276.8,671.7
5933707.3,332303.4,672
5933701.9,332308.7,672
5933685.8,332329.7,672.1
5933670.6,332350.8,672.4
5933660.2,332380.9,673.1
5933649,332407.1,673.8
5933643.4,332432.4,674.1
5933639.7,332456.8,675
5933637.8,332484.3,675.1
5933636.9,332497.5,675.7
5933642,332512.9,676
5933646.8,332522.8,676
5933653.7,332534.4,676
5933663.8,332544.6,676
5933671.1,332550.6,676
5933690.6,332556.3,676
5933710.7,332559.4,676
5933736.5,332560.4,676
5933760.8,332557.9,675.8
5933770.9,332551.4,675.8
5933783,332545.9,676
5933799.2,332537.3,675.5
5933819.1,332526.5,675
5933838.7,332506.1,675
5933859.1,332484,675
5933876.4,332466.1,675
5933879.1,332461.9,675
5933889.4,332442.3,674.1
5933901.5,332406.8,674
5933896.8,332379,673.6
5933898.2,332369.6,673.1
5933900.7,332360.3,672.9
5933901.1,332350.9,673
5933899.1,332341.5,673
5933893.1,332328.9,673
5933883.4,332321.4,672.9
5933848.7,332319,672.7
5933818.7,332318.8,672.5
5933798.8,332320.3,672.2
5933779.8,332323.5,672
5933760.6,332328.2,672.1
5933749.7,332331.8,672.2
5933736.8,332336.5,672.3
5933723.8,332344.5,672.4
5933712.4,332352.8,672.7
5933704.2,332367.8,673
5933695.7,332388.2,673.2
5933694.5,332394.3,673.3
5933694.6,332418.9,674
5933690.9,332449.4,674.9
5933690.3,332468.8,675
5933694.3,332476.1,675.3
5933702.2,332479.4,675.4
5933724.9,332481.8,675.4
5933742.9,332482.5,675.2
5933762.2,332481.3,675
5933772.4,332479.6,675
5933784.7,332474.9,675
5933797,332470.2,675
5933802.8,332466.3,675
5933807.3,332463.4,675
5933810.7,332458.3,675
5933810.6,332452,674.8
5933785.2,332437.5,674.1
5933770.7,332437,674.1
5933765.8,332435.8,674
5933760,332433.5,674
5933752.9,332428.1,674
5933746.9,332418.6,674
5933740.3,332403.9,673.8
5933726.5,332380.7,673
5933711.1,332361,673
5933705.1,332351.6,672.7
5933698.2,332336.1,672.2
5933685.1,332317.5,672
5933669.8,332287.9,671.3
5933649.1,332258.1,671
5933639.6,332239.4,671
5933618.2,332201.6,670.9
5933605.6,332172.3,670
5933596.8,332146.4,670
5933593.4,332135.7,670
5933596.1,332071,670
5933598,332013.4,670
5933598.9,331988,670
5933601.8,331929.5,670
5933608,331875.5,670
5933621.6,331780.7,669
5933630.6,331731.3,669
5933633.5,331720,669
5933645.1,331700.9,668.3
5933652.8,331690.2,668
5933668.5,331670.7,667.7
5933680,331659.2,667
5933686.5,331656.9,667
5933711.6,331631.1,666.5
5933729,331616.5,665.6
5933740.2,331611.5,665.1
5933747,331611.9,665
5933751.8,331650.3,666.7
5933746.7,331764.4,669
5933747.3,331774.5,669
5933738.3,331928.8,670
5933731.8,332065.4,671
5933716.9,332207.2,671
5933698.7,332315.7,672
5933695.4,332325.8,672
5933675.9,332435.6,674.2
5933661.8,332527.3,676
5933650.1,332616.2,676
5933643.1,332726.4,675
5933639.2,332815.3,674
5933639.1,332820.4,674
5933633.4,332868.1,674.2
5933625.6,332902.2,674.3
5933620.8,332957.6,673.9
5933610.3,332994.4,673.8
5933603.7,333003.8,673.8
5933597.3,333009.1,673.8
5933586.6,333004,674
5933573.4,332968.9,674.3
5933547.5,332824.9,675
5933558.9,332666.3,675.9
5933580.9,332522.5,676
5933615.4,332384.9,673.2
5933645.6,332316.5,672
5933675.5,332255.1,671
5933677.9,332247.9,671
5933690.8,332203,671
5933697.1,332156.1,671
5933697.4,332112.5,670.9
5933700.4,332078.5,670.8
5933703.3,332011.4,670
5933703.3,331956.9,670
5933705.9,331950.4,670
5933710,331901,670
5933713.3,331892.6,670
5933711.9,331841.2,670
5933713.8,331832.2,670
5933715.9,331790.5,669
5933716.4,331783.9,669
5933719.6,331739.5,669
5933719.9,331691.7,668
5933718.5,331665,667.3
5933708.5,331652.7,666.9
5933701.3,331646.7,666.9
5933681.2,331667.9,667.5
5933660,331804,669.6
5933649.4,331924.7,670
5933639.7,332058.2,670
5933631.8,332208.2,671
5933628.3,332372.8,673
5933613.4,332551.4,676
5933606.9,332698.8,675
5933588.4,332817.7,675
5933565.6,332911.6,675
5933540.2,332999.2,674.5
5933539.1,333008.2,674.6
5933529.2,333044.7,674.8
5933526.4,333055.6,674.8
5933522.3,333031,674.9
5933522.8,333000.5,674.9
5933521.6,332978.9,675
5933529,332889.9,675.5
5933538.5,332790,675
5933534.1,332762.8,675
5933549.5,332616.3,676
5933549.7,332609.2,676
5933553,332482.1,675
5933569.5,332358,673
5933587.9,332248.1,671
5933586.6,332238.8,671
5933599.8,332128.5,670
5933610,332046.6,670
5933620.2,331929,670
5933630,331861.4,670
5933638.8,331814.5,669.9
5933650,331767.7,669
5933657.2,331711.3,668.9
5933663.7,331676.1,668
5933667.8,331636.6,666.9
5933667.7,331605.6,665.2
5933662.5,331602.2,665
5933649.7,331615.3,666
5933628.5,331677.4,668
5933626.7,331689.4,668
5933608,331783.6,669
5933609,331789.4,669.2
5933593.5,331939.7,670
5933593.1,331949.8,670
5933564.5,332232.1,671
5933565.5,332248.8,671
5933546.9,332486.9,675.2
5933524.6,332692,675.6
5933497.2,332877.5,676
5933481.8,332965.3,675.4
5933475.2,332993.1,675.5
5933470,332998.5,675.6
5933462.8,333003.5,675.8
5933457.8,333005.9,676
5933453.2,333004.7,676
5933444.3,332994.2,676
5933435.9,332928.7,676
5933440.8,332817.2,676
5933465.5,332700.5,675.9
5933495.1,332536.5,676
5933496.5,332523.6,676
5933541.9,332365.4,673
5933564.5,332270.1,671.2
5933565.8,332264.1,671
5933576.3,332195.5,670.2
5933576.8,332190.9,670.1
5933585.6,332135.4,670
5933598.9,332046.8,670
5933608.8,331939.2,670
5933613.3,331841.9,670
5933614.3,331777.2,669
5933613,331762.1,669
5933609.4,331739.6,669
5933609.2,331679.7,668.1
5933604.5,331621.6,666.4
5933591.4,331603.3,666.1
5933582.4,331609.6,666.1
5933565.1,331693.1,668.7
5933556.4,331842.4,670
5933548.4,332012.5,670
5933527,332249.5,671
5933488.3,332504.3,676
5933473.7,332670.5,676
5933450.7,332815.8,676
5933426.8,332936.7,676
5933417.8,332998.1,676
5933410.3,333014.9,676
5933404.9,332992.4,676
5933410.5,332874.6,676
5933424.7,332748.5,675.5
5933443.3,332626.2,676
5933482.7,332431.5,675
5933517.2,332267.5,671.4
5933541.9,332129.4,670
5933560.7,332005.2,670
5933566.1,331908.4,670
5933567.5,331841,670
5933567.6,331786.3,669.1
5933570.7,331749.4,669
5933569.5,331727.4,669
5933568.4,331704.1,668.9
5933562.1,331681.5,668.3
5933557.6,331679.1,668.2
5933548.2,331676.4,668.2
5933533.9,331678.1,668.2
5933522.7,331683.5,668.5
5933517.1,331689.5,668.7
5933505.3,331759.2,669
5933490,331925.3,670
5933480.4,332212.1,671
5933463.2,332468.3,675
5933464.2,332486.6,675.3
5933455.1,332683.4,676
5933445.5,332831.1,676
5933424.6,332943.3,676
5933422.3,332952,676
5933398.1,333022.3,676
5933396.2,333026.6,676
5933388.9,333045.1,676
5933370.6,333028.8,676
5933365,333008.3,676
5933369.7,332905.9,676
5933385.1,332796,675.9
5933410.8,332671.8,675.7
5933425.6,332530.4,676
5933429.2,332405,674.7
5933440.2,332256.8,671.9
5933461.4,332108.8,670
5933484.1,331970.1,670
5933503.3,331850.7,670
5933519.3,331738.2,669
5933519.6,331686.8,668.6
5933505.7,331663.5,668
5933475.1,331662,668
5933447.4,331671.8,668
5933437,331745.5,669
5933432.2,331885.6,670
5933427.2,332051.8,670
5933421.1,332221.8,671.1
5933410.2,332415.2,674.9
5933397.6,332605.8,676
5933388.6,332750,675
5933381.6,332868.6,676
5933364.6,332944.3,676
5933350.6,333008.6,676
5933343.4,333022.3,676
5933336.7,333023.5,676
5933336.7,332915.9,676
5933342.6,332765.8,675
5933356.4,332636.1,675.7
5933359.9,332619.1,676
5933378.6,332489.7,675.5
5933387.6,332399.6,674.9
5933398.9,332299.6,673
5933399.9,332293.8,673
5933416.3,332187.5,670.8
5933424.9,332118.9,670
5933434.9,332027.9,670
5933447.3,331924.7,670
5933447.5,331919.7,670
5933449.5,331863.2,670
5933448.2,331817.8,670
5933439.6,331783.8,669
5933423.6,331739.5,669
5933427.7,331734.3,669
5933539.4,331727.1,669
5933547.2,331731.2,669
5933710.1,331716.3,668.4
5933891.5,331704.7,664.5
5934085.5,331688.1,648.6
5934096.7,331686.1,647.6
5934255,331672.7,635.9
5934317.6,331672.2,633.4
5934327.8,331671.5,633.3
5934308.2,331673.2,633.6
5934302.6,331673.9,633.8
5934168.8,331678.7,641.6
5934156.8,331677.3,642.4
5934145.7,331678.2,643.3
5933991.3,331697.4,657.3
5933794.5,331712.9,667.9
5933632.1,331741.7,669
5933626.9,331743,669
5933553,331768.3,669
5933547.9,331769.6,669
5933488.9,331788.5,669.1
5933464.8,331789.3,669
5933458.9,331789.6,669
5933420.7,331793,669
5933404.2,331794,669
5933377.2,331799.1,669
5933367.4,331802.7,669
5933455.5,331832.1,670
5933603.7,331827,670
5933677.4,331824.7,670
5933823.4,331813.9,669
5933964.7,331807.4,666.9
5933974.9,331808.7,666.5
5933996.1,331802.3,665.4
5934097.2,331786.2,659.7
5934103,331784,659.2
5934204.3,331762.5,648.7
5934275.4,331750.6,641.3
5934349.5,331746,636.5
5934445.4,331741.7,633.6
5934528.5,331737,631.6
5934531.6,331738.5,631.6
5934561.5,331734.1,630.7
5934534.9,331746.1,631.7
5934448.3,331764.6,634.4
5934219.6,331808.4,653.6
5933966.3,331824.2,667.1
5933749.5,331836.5,669.5
5933616.2,331844.8,670
5933602.8,331847.4,670
5933491.1,331883.2,670
5933485.1,331886.5,670
5933425.2,331914.7,670
5933416.3,331920,670
5933386,331932,670
5933354.1,331941.1,670
5933336.8,331945.5,670
5933325.4,331948.8,670
5933345.9,331956,670
5933417.3,331974.1,670
5933526.4,331980.4,670
5933537.5,331978.7,670
5933699.6,331949.6,670
5933709.2,331949.2,670
5933855.3,331912.1,669.9
5933862.7,331911.9,669.8
5933989.7,331896.1,668
5934003.4,331896.3,667.9
5934099.1,331891.6,666.3
5934182.6,331889.4,664.2
5934290.6,331884.3,656
5934400.3,331876.1,643.9
5934470.5,331876.9,637.6
5934541.4,331885.3,631.7
5934605.8,331896.2,626.6
5934540.5,331901.8,631.8
5934389.1,331911.5,648.2
5934373.6,331912.6,650.3
5934173.7,331922.2,665.9
5933934.1,331932.2,669.2
5933742.3,331944.8,670
5933610.2,331959.4,670
5933467.8,331985.5,670
5933370.9,332004.9,670
5933342.5,332019.7,670
5933322.3,332038.2,670
5933306.8,332049.2,670
5933303,332051.2,670
5933288.1,332070.9,670
5933381,332078.1,670
5933550.7,332061.7,670
5933718.9,332019.2,670.2
5933729.7,332019.5,670.3
5933883.4,332000.4,670
5933986,331993.5,669.9
5934101.6,331990.6,669
5934107.5,331990.5,669
5934250.9,331989.5,666.1
5934274.7,331985.9,664.7
5934393,331980.8,653.2
5934467.3,331976.1,642.6
5934520.4,331980,635.1
5934586.4,331989.3,626.3
5934585,331996.3,626.3
5934421.8,332032.5,650.2
5934253.9,332039,667.2
5934126.2,332039.3,670
5934013,332042.1,670
5933994,332043.8,670
5933898,332044.7,670.5
5933796.5,332046.2,671
5933655.5,332048.7,670
5933520,332051,670
5933502.2,332052.5,670
5933390.1,332054.1,670
5933323.5,332056.7,670
5933292.2,332065,670
5933276.6,332082.9,670
5933272.4,332097.3,670
5933266.4,332108.8,670.2
5933276.5,332114.4,670.3
5933355.6,332117.5,670
5933481.1,332106.7,670
5933654.1,332073.7,670
5933750.5,332071.9,671
5933755.8,332071.8,671
5933826.7,332068.9,671
5933896.3,332068.7,671
5933901.4,332068.9,671
5933994.3,332068.3,670.6
5933997.8,332069.2,670.7
5934093,332066.1,671
5934161.9,332064.9,671
5934169.2,332064.8,671
5934233.1,332063.8,669.3
5934299.1,332063.7,665
5934301,332064.6,664.9
5934368.6,332060.5,658.3
5934424.8,332064.5,649.4
5934471.9,332074.6,640.9
5934436.4,332080.5,647
5934230.6,332098.1,669.8
5934004.9,332099.4,671
5933796.8,332105.5,671
5933661.6,332118.1,670.4
5933514.5,332125.2,670
5933506.7,332126.1,670
5933392,332134.6,670
5933357,332139.7,670
5933328,332148.5,670.4
5933296.4,332158.9,671
5933278.3,332168.6,671
5933271.4,332178.6,671
5933351.8,332194.1,671
5933438.7,332194.2,670.7
5933589.5,332195.8,670.4
5933600.6,332195.3,670.6
5933715.7,332187.6,671
5933801.3,332183.5,671.3
5933813.3,332182.5,671.4
5933938.3,332176.7,672
5934050.5,332174,672
5934143.6,332174,672
5934156.9,332173.3,672
5934219.6,332173.4,670.8
5934275.4,332172.5,666.5
5934336,332170.8,657.9
5934392.6,332170.6,647.4
5934428.5,332171.5,640.1
5934446.2,332172.7,636.4
5934452.7,332175.9,634.8
5934449.8,332192.3,633.4
5934362.4,332220.1,649.5
5934170.3,332235.1,671.8
5933990,332236.4,672
5933812.3,332241,672
5933592.6,332239.8,671
5933472.6,332238,670.9
5933389.6,332237.3,671.8
5933333.8,332237.6,672
5933293.3,332241.1,672
5933264.9,332253.6,672.1
5933262,332258.2,672.3
5933273.6,332275.1,673.1
5933364.5,332297.7,673
5933484.2,332299,672
5933501.1,332299.3,672
5933686.6,332303.2,671.9
5933701.1,332303.5,672
5933899.7,332308.3,672.6
5934047,332309.7,672
5934166.4,332309.9,670.9
5934264.9,332311.4,663.3
5934334.1,332312.7,649.1
5934438.7,332311.2,625.2
5934453.3,332311.4,622.8
5934374.9,332326.1,637.5
5934221.8,332357.2,666.2
5934004.1,332386.6,673
5933812,332406.2,674
5933638.8,332419,674
5933519.2,332419,674.5
5933447.1,332416.5,674.9
5933388.9,332414.4,675
5933336.5,332402.9,674.9
5933276.9,332381.8,674
5933258.7,332371,674
5933275.4,332367.6,674
5933317.6,332352.4,674
5933378.9,332344.4,673.9
5933439,332345.8,673.6
5933581.9,332353.3,672.9
5933715.3,332360.1,673
5933842.6,332363.5,672.9
5933981.4,332367,673
5934102.6,332370.1,671.6
5934189.7,332373,668.2
5934261.4,332386.9,659
5934271.1,332397.3,656
5934273.7,332417.3,653.7
5934263.8,332424.8,654.9
5934174.9,332440.6,666.8
5934168.9,332440.4,667.4
5934023,332436.5,673
5934016.2,332436.3,673
5933838.7,332425.9,674
5933826.9,332425.5,674
5933643,332419.2,674
5933468.9,332406.4,674.4
5933376.6,332403.2,675.1
5933322.2,332401.5,674.7
5933293.5,332398.5,674.4
5933291.7,332397.5,674.4
5933348.7,332386.7,674.3
5933356.3,332385.9,674.4
5933525.7,332391.1,674
5933895.9,332451,674.3
5934127.5,332480.3,670.4
5934137.1,332481.9,669.6
5934194.1,332490.6,662.4
5934208.3,332492.6,659.7
5934221.6,332498.7,656.7
5934227.8,332502.1,654.9
5934185.3,332504.5,663
5934027.9,332498,673.2
5933830.6,332489,675
5933655.5,332483.6,675.5
5933512.2,332479.4,675
5933452.2,332477.2,675
5933398.4,332474.8,675
5933351.4,332472.8,675
5933323,332471.6,675
5933318.2,332471.4,675
5933303,332470.5,675
5933302.4,332466.8,675
5933298.9,332457.9,675
5933338,332446.8,675
5933447.1,332445,675
5933638.7,332455.7,675
5933649.2,332456,675
5933932.9,332469.3,674.1
5934124.5,332481.3,670.5
5934199.2,332492,661.4
5934262.4,332523.2,644.1
5934269.2,332529.3,641.6
5934171.3,332538.8,663.9
5934050.5,332541.1,672.4
5933862.9,332534.3,675
5933679.4,332528.2,676
5933517.3,332532.4,676
5933390.6,332530.6,676
5933325.2,332524.4,676
5933319.7,332522.2,676
5933330.1,332518.9,676
5933357.6,332513.2,676
5933471.4,332508.5,676
5933684.4,332518.6,676
5933700.4,332519.8,676
5933952.2,332533.5,674
5933978.2,332534.5,673.8
5933985.3,332534.7,673.6
5934163.4,332548.6,664.7
5934231.8,332561,648.7
5934237.5,332564,646.7
5934223.9,332570.7,650.3
5934179.9,332590.5,660.2
5934062.6,332607.4,671.2
5933886.4,332605.1,674.6
5933695.7,332593.9,676
5933692,332593.8,676
5933568.5,332586.6,676
5933561.6,332586.7,676
5933433.7,332577.4,676
5933383.5,332567.6,676
5933345.5,332557.6,676
5933283.4,332532.2,676
5933286.3,332529.5,676
5933453.1,332538.5,676
5933652.1,332550.1,676
5933894.9,332582.5,674.6
5934096.6,332650.4,668.3
5934140.2,332667.2,663.3
5934150.8,332671.3,661.8
5934051.6,332663.7,670.4
5933860.7,332642.4,674.2
5933683.8,332633.6,675.1
5933678.6,332633.3,675.2
5933540.3,332624,676
5933534.4,332623.7,676
5933473,332616.3,676
5933438.9,332611.2,676
5933366,332604.1,676
5933331.8,332604.4,676
5933266.8,332601.6,675.4
5933238.8,332599.7,675.1
5933248.7,332603.2,675.1
5933272.5,332615.1,675.3
5933324.2,332616.2,675.7
5933328.8,332616.5,675.7
5933416.2,332629.7,676
5933559.3,332648,676
5933753.2,332682.7,674.9
5933934.2,332703.7,673
5934011.5,332707.8,671
5934015.3,332706.8,670.9
5934062.3,332709.9,668.3
5934123.9,332713.3,662
5934176.7,332709.8,652.8
5934204.3,332712.6,645.9
5934213.3,332713.9,643.5
5934159.8,332721.9,654.9
5934152.6,332722.1,656.5
5933985.2,332722.4,671.2
5933771.1,332706.9,674.2
5933608.1,332695,675
5933501.6,332688.2,676
5933406.6,332681.4,675.3
5933347.7,332672,675
5933324,332669.1,675
5933291,332671.3,675
5933281,332673.2,675
5933330.3,332678.6,675
5933335.9,332679,675
5933505,332708.6,675.5
5933758.6,332729.3,674
5933947.8,332744.1,671.8
5934084.9,332754.4,663.9
5934191.2,332766.1,642.9
5934263.7,332777.9,625.3
5934282.6,332779.4,622
5934254.5,332782.9,626.9
5934242,332781.2,629.6
5934031.9,332776.9,667.7
5933826.4,332770,673.2
5933817.9,332771.7,673.4
5933605.9,332762.4,674.8
5933485,332755.3,675.5
5933418.7,332751.5,675.4
5933368.1,332741.8,675
5933320,332743.5,675
5933298,332739.6,675
5933306.4,332740.3,675
5933459.7,332760.1,676.1
5933472.4,332761,675.9
5933697.1,332775.1,674
5933900.3,332793.9,671.9
5934010.8,332807.4,667.3
5934082.1,332813.6,658.8
5934193.1,332829.9,635
5934202.4,332829.3,633.3
5934123.5,332828.1,649.5
5934103.5,332828.8,653
5933934.4,332827.7,671.1
5933736.5,332820.3,674.1
5933530,332801.3,675
5933402.7,332789.7,676
5933346.1,332784.6,675.1
5933297.9,332780.5,675
5933292.3,332780.2,675
5933272.6,332780.3,675
5933268.8,332781.8,675
5933371.4,332789,675.6
5933553.6,332808.7,675
5933799.6,332832.1,673
5934100.1,332862.9,649.2
5934302.8,332891.3,617.1
5934328.2,332895.9,616
5934195.1,332890.1,628.2
5933979.3,332884.2,666.4
5933958.7,332885.5,668.8
5933651.6,332883.3,674
5933483.8,332868.3,676
5933478.9,332867.8,676
5933361.8,332849.5,676
5933357.2,332849.1,676
5933327.4,332846.1,675.6
5933316.2,332844.9,675.2
5933548.5,332881.8,675.1
5933562.7,332883.2,675
5933971.1,332924.2,664.3
5933985.9,332925.7,662.4
5934162.7,332954.6,627.7
5934207.1,332960.8,621.7
5934225.9,332964,619.8
5934176.1,332964.4,625
5934171.8,332966.6,625.3
5933995,332973.9,656.5
5933784.9,332978.4,671.7
5933600.5,332962.6,674
5933479.3,332949,675.8
5933392.4,332945.8,676
5933383.6,332935.5,676
5933347.1,332945.5,676
5933321.3,332948.3,676
5933312.4,332957.1,676
5933436.8,332986.4,676
5933690.3,333017.5,672.5
5933969.9,333049.7,652.5
5934080.2,333058.3,633.4
5934132.2,333062.4,625.3
5934081.9,333054.4,633.4
5933887.5,333025.4,665.1
5933684.8,333017.7,672.7
5933586,333009.4,674
5933609.5,333015.8,673.7
5933650,333016.4,673
5933671.3,333009.9,673
5933681.1,332944.1,673
5933680.5,332936.9,673
5933694.5,332841.9,673.9
5933715.3,332701.3,675
5933742.9,332546.6,676
5933748.1,332396.9,673.8
5933765.3,332283.5,672
5933764.9,332270.5,672
5933795.8,332079.8,671
5933799,332068,671
5933828.8,331883.2,669.7
5933836.8,331778.6,668.1
5933836.8,331722.4,667.3
5933838.8,331690,666.2
5933839,331638.9,663
5933829.4,331634.3,663.2
5933821.4,331674.9,666
5933815.1,331743.4,668
5933789.5,331909.1,670
5933790.1,331917.7,670
5933747.7,332200.3,671
5933680,332560.2,676
5933658.3,332809.9,674
5933658,332817.1,674
5933662.2,332941.9,673.5
5933683.7,333021.8,672.7
5933698.7,333053.9,672
5933723.3,333054,671.5
5933750,332910.1,673
5933764.2,332704.5,674.3
5933759.4,332691.4,674.8
5933779.9,332464.4,675
5933777.8,332454.7,675
5933824.6,332282,672
5933853,332122.5,671
5933869.4,331959.2,670
5933879,331821.6,668.4
5933879.3,331814.2,668.1
5933886.1,331700.8,664.6
5933888.7,331663.6,661.8
5933887.8,331660.5,661.6
5933886.2,331670.2,662.6
5933883.5,331710.4,665.3
5933843,331993,670
5933755,332519.7,676
5933701.8,332918.2,673.1
5933709.4,333055.4,671.8
5933732.5,333091.8,670.5
5933759.7,333094.1,669.5
5933774.3,333074.9,669.5
5933786.1,332925.3,672.2
5933815.8,332714.8,674
5933821.1,332697.1,674
5933874.1,332467.1,675
5933896.7,332296.8,672.1
5933938.2,332174.3,672
5933938.1,332165.7,672
5933969.5,332009.9,670
5933979.4,331790.5,665.7
5933969.3,331706.4,660.1
5933958.6,331690.1,659.1
5933950.1,331661.4,656.3
5933949.2,331661.3,656.4
5933917.2,331812.1,667.8
5933914.6,331823.9,667.9
5933885.3,332073,671
5933845.6,332309.7,672.4
5933844.2,332322.1,672.8
5933815.7,332569.3,675
5933785.6,332766,673.9
5933759.7,332907,673
5933759.2,332998.4,671.6
5933784.7,333056.3,669.1
5933812.2,333083.7,666.7
5933835.7,333082.9,665
5933841.8,333072.2,664.8
5933877.6,332763.4,672.9
5933928.2,332486,674.3
5933930.7,332476.6,674.2
5934006.7,332216.7,672
5934081.8,331961.8,668.8
5934085,331948.5,668
5934111.3,331742.4,653.7
5934109.1,331734.5,652.8
5934107.3,331695.8,648
5934026.7,331848.1,666.5
5934026.5,331867.7,666.9
5933957.5,332220.5,672
5933914.2,332481.4,674.6
5933910.6,332492.6,674.7
5933910.8,332512,674.6
5933879.7,332663.5,673.9
5933877.3,332669.6,673.9
5933855.7,332805.9,673.1
5933859.9,332816.7,672.7
5933844.3,332931.7,671.3
5933849.4,333008.1,668.3
5933849.4,333012.5,668
5933896.2,332964.6,667.9
5933902.2,332954.4,668
5933968.8,332635.1,673
5933998.9,332358.6,672.9
5934085.3,332071.8,671
5934166.2,331853.7,661.7
5934172.3,331798.3,656.1
5934176.4,331729.6,647.1
5934174.9,331725.9,646.7
5934144.3,331736.7,650.3
5934020,332115.4,671
5933936.2,332573.8,674
5933903.1,332845.8,671.8
5933907.4,332997.7,665.7
5933906.3,333122.1,654.2
5933960.2,333111.4,647.1
5933966.3,333107,646.5
5934006.6,332870.2,664
5934009.2,332854.7,664.7
5934015.4,332842.3,664.7
5934063.5,332588.2,671.9
5934117.7,332370.5,671.3
5934175,332174.7,671.9
5934211.1,332027.8,668.6
5934215.9,332018.8,668.4
5934236.5,331917.4,662.8
5934252.9,331786.5,647.5
5934255.6,331782.6,646.8
5934252.2,331757.2,644.3
5934250.2,331720.8,640
5934197.5,331812.9,655.9
5934118.5,332164.9,672
5934060.1,332471.2,672.2
5934057.3,332484.1,672.2
5933979.1,332791.5,669.8
5933957.1,333027.3,657.1
5933959,333050.9,653.9
5933951.1,333207.6,641
5933950.1,333242.4,639
5934000.5,333204,635.6
5934042,333080,637.6
5934124.1,332894.1,640.7
5934195.5,332581.1,657
5934200.2,332569.3,656.4
5934243.7,332388.7,661.9
5934236.8,332383.3,663.2
5934255.7,332281.4,666.2
5934257.1,332204.2,668.2
5934284.8,332032.4,665.4
5934328.6,331852.6,648.8
5934332.1,331844.3,647.5
5934337.9,331782.5,640.1
5934217.9,332044.5,668.9
5934148.8,332355.6,670.4
5934140.4,332383.8,670.7
5934080.6,332592.1,671.2
5934077.8,332602.9,670.8
5934012.7,332821.3,666.2
5933999.5,332930.3,660.1
5934030.8,333015.6,645.8
5934034.5,333047,642.2
5934069.7,333015.5,638.3
5934095.3,332707.9,665.7
5934182.1,332416.8,667.2
5934187.8,332405.9,667.2
5934301.8,332090.7,664.7
5934302.7,332071.7,664.7
5934352.6,331964.3,657.1
5934445.7,331859.2,638.6
5934469.8,331864.1,637
5934315.9,332288,655.5
5934234.5,332702.5,637.9
5934179.9,332980.3,623.5
5934177.2,332990.7,623
5934176.4,333000,622.4
5934179.4,333036.1,620.7
5934158,333026.1,623.2
5934172.9,333004.3,622.5
5934176.3,332996.5,622.7
5934270,332779.6,623.8
5934343.8,332513.1,627.5
5934467.1,332254.5,624.7
5934462.6,332244.3,626.3
5934568.6,331995.5,628.1
5934570.2,331989.6,627.9
5934582.7,331915.6,628
5934616.8,331922.6,625.1
5934729,331931.3,619
5934827.9,331957.8,616
5934860.5,332015.5,617.4
5934843.2,332108.2,620.1
5934834.1,332141.2,620.7
5934839.3,332159.8,622
5934840.3,332173.2,622.5
5934835.8,332153.6,621.5
5934836.5,332140,620.7
5934834,332069.6,618.4
5934759.4,332004.1,617.1
5934753.9,332000.6,617
5934744.1,331997.2,617
5934649,331980,621.2
5934610.3,331967.5,624.5
5934584.2,331960.1,627.3
5934582.8,331961.3,627.5
5934628.8,332004.5,621.9
5934631.6,332009.8,621.5
5934762.2,332124.7,617.4
5934808.8,332183.4,621.4
5934821.4,332191.3,622.1
5934825,332202.2,622.7
5934829,332208.3,623.2
5934803.6,332188.3,621.3
5934738.3,332121.3,616.5
5934663.6,332068,617.6
5934659.6,332064.5,617.9
5934601.5,332036.3,623
5934578.6,332025.8,626.2
5934564.9,332022.6,628.2
5934556.8,332020.5,629.4
5934579.8,332032.8,625.6
5934633.5,332061.3,619.5
5934748.7,332147.7,617.6
5934785.7,332182.7,620.4
5934788.3,332205,621.2
5934805.6,332227.5,623
5934813.3,332251.4,623.9
5934826.2,332259.2,624.5
5934780.7,332249,622.4
5934782.7,332243,622.4
5934719.1,332189.8,616.8
5934639,332139.7,616.6
5934633.7,332136.1,616.9
5934628.3,332133.8,617.3
5934556.5,332100.2,625.4
5934554.5,332098.9,625.7
5934509.4,332080.8,633.7
5934476.2,332074.5,640.1
5934585.2,332157.6,619
5934618.2,332186.1,615.7
5934703,332251,617.5
5934760.5,332306.6,622.4
5934764.7,332310.3,622.8
5934792.3,332333.7,625.1
5934720.3,332312.3,620
5934693.3,332292.9,617.7
5934603.9,332247.7,615
5934596,332244,615
5934541.5,332210.6,618.9
5934535.3,332205.8,619.8
5934493.8,332193.6,626
5934461.4,332183.4,632.3
5934446.5,332177.6,635.7
5934435.4,332175.3,638.3
5934524.2,332177.6,623.6
5934642.9,332264.7,615.1
5934650.9,332272,615.2
5934735.3,332349.4,622
5934739.2,332354.3,622.4
5934768.4,332383.9,624.5
5934782.9,332408.4,625.7
5934780.2,332407.1,625.6
5934769.1,332404.4,625.2
5934760.6,332400.5,624.9
5934667.7,332359.4,618.9
5934601.7,332321.1,615.1
5934537.1,332272.9,616.4
5934496.6,332246.6,621.4
5934449.3,332228.5,629.9
5934463,332238.7,626.7
5934484.6,332245.3,622.9
5934602.1,332348.4,615.7
5934616.6,332361.8,616.6
5934692.2,332446.6,622.8
5934696.7,332449.1,623.1
5934732.9,332473.1,625.1
5934750.7,332486.9,625.6
5934737.7,332484,625.3
5934728.6,332475.3,625.1
5934645.4,332417.4,619.9
5934642.1,332414.9,619.6
5934530.5,332346.9,615.1
5934522.6,332343.2,615.5
5934454.5,332310.3,622.7
5934405.8,332301.3,632.2
5934396.7,332300.2,634.4
5934410.3,332305.6,630.8
5934476.2,332338.7,618.8
5934482.7,332342.3,618.1
5934490.4,332348.4,617.3
5934596.7,332425.4,617.3
5934600.6,332429.1,617.7
5934662.6,332504.8,623.9
5934709.3,332552,625.9
5934705.8,332550.6,625.8
5934482.2,332469.9,616.4
5934475.6,332467.3,616.4
5934453.7,332452.5,617.3
5934420.4,332394.4,622.7
5934402.7,332374.2,626.8
5934389.8,332366.6,630.2
5934385.1,332359.7,631.7
5934440.3,332385.7,620.2
5934447.9,332391.7,619.4
5934553.5,332495,618.7
5934639.7,332579,624.8
5934664.9,332607.8,625.6
5934683.6,332622,626
5934606.3,332585.1,624.1
5934564.6,332557.9,621.4
5934456.1,332496.9,616.2
5934408.9,332461.4,620.5
5934394.8,332453.9,622.8
5934378.4,332442.9,626.5
5934375.8,332441.7,627.1
5934337.3,332428.1,637
5934421.1,332486.2,618.3
5934535.9,332589.7,620.6
5934599.5,332643.5,624.3
5934640.4,332670.6,625.8
5934649.9,332682.6,626
5934654.7,332686.5,626
5934612,332669.3,624.9
5934564.5,332641.4,622.8
5934454.8,332572.8,616.2
5934405.8,332548.3,617.5
5934380.3,332536.7,620.3
5934365,332530.2,622.6
5934353.7,332523.9,625
5934339.8,332516.4,627.9
5934318.8,332510.3,633
5934305.5,332506.1,636.3
5934387.8,332545.1,619.1
5934455.5,332590.3,616.4
5934501.7,332626.8,619
5934503,332628,619.1
5934543,332663.6,621.9
5934581.3,332696.5,624.7
5934612.7,332717.5,625
5934629.6,332727.3,625.3
5934639,332731.4,625.3
5934618.6,332725.2,625.1
5934590,332714.1,624.9
5934518.7,332681.1,620.9
5934467.8,332651.8,617.6
5934419.9,332630.3,616.6
5934390.5,332615.9,617.3
5934368.8,332605.5,618.3
5934355,332596.6,620.1
5934337.4,332586.5,622.7
5934321.1,332577.6,625.8
5934279.2,332561.4,635.1
5934254.4,332557.1,642.4
5934249.8,332556.9,643.7
5934266,332568.5,638.1
5934280.1,332578.5,633.4
5934319.1,332595.9,624.6
5934337.8,332609.5,621
5934351.6,332618.4,619.1
5934369.3,332628.6,617.5
5934381.8,332639.8,617.3
5934394.6,332646.3,617.1
5934412.4,332657.8,617
5934429,332669.3,617
5934450.9,332682.4,618
5934475.4,332696.8,619
5934495.9,332710.8,619.9
5934515.9,332721.3,620.8
5934526.5,332726.1,621.5
5934546.3,332736.8,623.2
5934570.1,332751.5,623.7
5934600.7,332770.3,624.6
5934615.3,332780.8,625
5934624.7,332791.1,625
5934605.5,332789.6,624.8
5934566.2,332784.3,623.7
5934522.4,332766.9,622.2
5934485.3,332752.3,620.4
5934465.7,332739.4,618.8
5934444.1,332726.3,617.9
5934433.8,332720.9,617.4
5934413.6,332698.6,617
5934395.8,332685.8,617
5934373,332669.3,617
5934347.9,332650.5,618.6
5934335.4,332641.6,619.9
5934326.6,332636.5,621.2
5934316.7,332629,622.9
5934308,332624,624.3
5934285.6,332614,629.4
5934267,332606.1,634.5
5934252.1,332604.4,639.1
5934253.7,332610.4,638.1
5934260.1,332617.7,635.7
5934288.5,332633.1,627.9
5934296,332639.3,626.1
5934305.9,332647.9,623.3
5934331.9,332667.9,619
5934344.4,332677.9,617.7
5934365.6,332696.6,616.8
5934389.6,332714.4,616.6
5934417.6,332734.9,617.6
5934433,332744.2,618.2
5934460.9,332764.8,619.6
5934474.9,332775.2,620.1
5934509.6,332791.8,621.7
5934529.2,332802.7,622.6
5934544.9,332814.5,623.3
5934552.1,332821.3,623.4
5934562,332828.8,623.6
5934552.5,332828.1,623.4
5934520.5,332822,622.8
5934503.4,332815.9,621.8
5934480.1,332804.1,620.5
5934463.5,332792.1,619.7
5934448.8,332780.4,619.1
5934425.6,332765.8,618
5934400.1,332747.7,616.8
5934372.2,332729.4,616.1
5934354.6,332716.7,616.5
5934342.1,332706.6,617.3
5934328.3,332698.7,618.6
5934324.6,332695.1,619
5934307.1,332684.7,621.4
5934293.4,332678.1,624.3
5934274.7,332671.2,628.1
5934255.7,332666.5,633.9
5934245,332664.1,637.2
5934276.9,332680.5,627.2
5934281.7,332685.3,626.1
5934297.9,332700.2,622.3
5934326.4,332724,618
5934350.2,332740.7,616.4
5934371.2,332758.3,616.1
5934395.2,332776.3,616.7
5934417,332792,617.7
5934433.5,332803.7,618.4
5934451.6,332817.1,619.3
5934456.8,332824,619.7
5934475.2,332838.1,621
5934500.2,332851.1,622.4
5934519.2,332860.6,623.1
5934531.5,332870.9,623.6
5934529.8,332872.8,623.6
5934534.8,332879.4,623.7
5934511.8,332883.5,622.9
5934483.2,332874.1,621.6
5934447.5,332854.4,619.7
5934437.3,332845.7,618.8
5934417,332832.8,617.7
5934396.7,332821.9,616.8
5934381.2,332817.1,616.4
5934360.9,332803.9,615.9
5934348.3,332797.2,616.3
5934339.5,332791.8,616.7
5934334.5,332788,616.9
5934328.3,332784.1,617.2
5934317,332776.3,618.2
5934304.6,332768.4,619.7
5934294.6,332763.1,621.1
5934277.1,332757.2,624
5934269.6,332755.5,625.4
5934249,332751.1,630.4
5934232.1,332748,634.8
5934219.3,332745.1,638.7
5934224.9,332752.2,636.5
5934242.1,332764.6,631
5934278.4,332792.8,621.9
5934297,332803.5,619.2
5934321.9,332819.3,616.9
5934343.3,332831.4,616
5934377.4,332852.8,616.3
5934412.9,332872,617.6
5934441.9,332886.4,619.6
5934479.6,332904.2,621.5
5934502.8,332915.6,622.5
5934517,332921.5,623.2
5934524.5,332925.2,623.4
5934526.1,332931.8,623.5
5934523.5,332934.3,623.4
5934499.8,332937.5,622.4
5934487.5,332937.9,621.9
5934455.6,332931.6,620.6
5934417.3,332917.3,617.9
5934415.2,332914.9,617.8
5934379.7,332897.1,616.4
5934360.7,332886.1,616
5934340.7,332869.3,616
5934323.2,332855.1,616.3
5934305.8,332843.2,617.5
5934288.4,332831.4,619.5
5934276,332823.5,621.2
5934267.2,332818.2,622.5
5934258.5,332811.7,624.3
5934244.6,332805.9,627.2
5934229.8,332800.2,630.7
5934206.5,332796,636.1
5934200.9,332796.8,637.2
5934209.2,332806.9,634.3
5934238.8,332834,626.2
5934284.7,332865.5,618.7
5934327.4,332883.1,616
5934369.1,332904.2,616.2
5934408.8,332927.3,617.5
5934430.1,332940.7,618.9
5934461.6,332958.6,620.9
5934476.6,332969,621.5
5934487.4,332975.4,621.9
5934499.2,332982.2,622.5
5934499.8,332990.3,622.5
5934510.3,333000.8,623
5934497.2,333001.9,622.4
5934457.9,332998,620.8
5934419.2,332987,618.1
5934398.8,332975.5,617.1
5934385.4,332959.2,616.6
5934366.5,332942.2,616.2
5934343.8,332926.2,616
5934326.3,332914.1,616
5934303.8,332900.5,616.9
5934287.6,332889.9,618
5934282.6,332887.1,618.3
5934267.8,332876.6,619.5
5934250.6,332864.8,622.4
5934239.5,332860.4,624
5934213.7,332855.1,628.6
5934220,332866.5,626.5
5934241,332889.1,621.9
5934260.7,332901.1,619.5
5934290.4,332917.7,616.7
5934319.1,332935.4,616
5934345.5,332951.8,616
5934383.2,332977.5,616.5
5934421.7,333006.3,618.4
5934449,333025.1,620.5
5934464.1,333035.4,621.1
5934480.8,333047.1,621.8
5934484.8,333052.1,622
5934479.7,333048.2,621.7
5934428.1,333015.3,618.9
5934381.4,332992.4,616.5
5934376.4,332989.6,616.4
5934324.5,332964.7,616
5934290.7,332947.6,616.5
5934271.9,332940,617.6
5934255.8,332931.6,619
5934248.4,332928.6,619.5
5934228.7,332919.8,621.4
5934212.5,332914.8,623.5
5934202.5,332911.7,624.9
5934221,332923.6,622.2
5934270.1,332957,617.3
5934333.7,332994.5,615.5
5934386.9,333020.9,616.7
5934434.9,333048,619.5
5934458.1,333062.3,620.9
5934477.4,333076.1,621.8
5934489,333086.7,622.4
5934488.7,333097.3,622.5
5934437.4,333083.2,620
5934410.2,333070.1,618.7
5934346.2,333042.1,615.8
5934305.8,333023.9,615.5
5934279.6,333010.7,616.3
5934252.3,332995.2,617.1
5934231.4,332983.9,618.4
5934213,332975.2,620.4
5934201.6,332970.4,621.7
5934183.2,332959.3,624.5
5934205.6,332960.6,621.9
5934222.2,332961.3,620.3
5934224.7,332961.6,620.1
5934270.7,332974.2,616.9
5934320.7,333001.2,615.2
5934381.6,333037.4,616.5
5934413.9,333052.2,618.1
5934419.2,333056.4,618.6
5934436.2,333047,619.6
5934439,333042.6,619.9
5934532.1,332880.3,623.6
5934533.3,332875.3,623.7
5934608.9,332734.7,624.9
5934654.3,332650.1,626
5934651.5,332614.2,625.4
5934666.4,332585.6,625.5
5934691.2,332541.9,625.3
5934714.8,332508.4,625.1
5934732.4,332486.3,625.3
5934742.7,332472.2,625.1
5934768.8,332415.2,625.3
5934796.2,332348.3,625.3
5934800.6,332342.3,625.5
5934826,332264,624.5
5934840.3,332178,622.7
5934840.8,332127.5,620.2
5934848.6,332092.8,619.6
5934859.3,332048.5,618.5
5934849.5,331999.9,617
5934846.6,332000,617
5934809.6,332071.1,617.5
5934783.3,332169.4,619.9
5934769.6,332197.2,620
5934757.4,332222.5,620
5934755.8,332227.4,620.2
5934738.1,332269.6,620.4
5934718.9,332309,619.9
5934694.1,332340.1,619
5934692.4,332349.4,619.4
5934671.6,332383.5,619.9
5934639.5,332425.6,619.8
5934610.4,332473.4,620.4
5934607.8,332478.1,620.4
5934575.7,332542.8,621.4
5934545.7,332597.3,621.3
5934525.4,332645.8,620.5
5934505.5,332682.1,620.3
5934495.6,332711.9,619.9
5934485.1,332740.6,619.7
5934470.7,332779.3,620
5934462.2,332808.4,619.7
5934441.4,332849.3,619.1
5934413.9,332903.4,617.7
5934385.3,332960.3,616.6
5934363.7,332984.9,616.2
5934338.5,333005.4,615.5
5934318.7,333020.6,615.1
5934313.4,333025.8,615.3
5934307,333027.4,615.4
5934313.5,333022.4,615.3
5934318.9,333016,615.1
5934340.7,332977.9,615.9
5934367.9,332903,616.2
5934394.3,332851.9,616.7
5934414.9,332816.3,617.6
5934436.2,332765.4,618.5
5934482.3,332652.7,618.2
5934485.1,332646.9,618.3
5934507.2,332589.5,618.6
5934517.8,332555.9,618.7
5934536.6,332517.9,618.4
5934545.2,332501.7,618.5
5934566.5,332473,618.1
5934582.4,332445.1,617.9
5934598.3,332417.2,617.1
5934614.1,332393.9,617.1
5934628.5,332376.4,617.3
5934641.5,332357.6,617.7
5934656.2,332329.3,617
5934672.1,332297.3,616.7
5934694.6,332259.3,617
5934713.9,332218.7,617.5
5934735,332176.6,617.5
5934761,332119.9,617.3
5934770.2,332099.3,616.9
5934793,332055.5,616.7
5934811.9,332006.7,617
5934821.3,331982.3,616.4
5934831,331952.9,616
5934831.3,331941.9,616
5934822.6,331944.6,616.1
5934802.1,331959.7,616.7
5934757.6,332053.6,615.9
5934731.2,332123.7,616.3
5934696.7,332192.2,616
5934670.1,332235.1,615.7
5934639.5,332281.4,615
5934612.2,332333.2,615.4
5934594.4,332372,615.6
5934576.6,332415.3,616.2
5934556,332463.1,617.3
5934544.3,332489.9,618
5934529.8,332517.6,618.1
5934517.2,332533.5,618.4
5934492.3,332559.4,617.6
5934469.8,332594.6,616.9
5934456.9,332625.4,617.2
5934442.7,332652.7,617.1
5934431.2,332682.3,617.1
5934415.8,332709.2,616.9
5934401.7,332740.8,616.9
5934400.3,332743,616.8
5934387.5,332775.7,616.5
5934376.5,332805.2,616.2
5934365,332836.7,616.1
5934349.2,332883.9,616
5934335.1,332918.4,616
5934322.6,332944.9,616
5934314.2,332966,616.1
5934306.1,332979,615.9
5934296.9,332987.2,616
5934292.9,332992.6,616
5934287.6,332997.8,616.1
5934275.8,333009.2,616.3
5934264.4,333010.2,616.5
5934258.1,333009.6,616.7
5934262.2,333002,616.6
5934265.1,332989.7,616.5
5934271.9,332976.6,616.8
5934292.7,332927.1,616.5
5934302.5,332901.6,616.9
5934325.9,332851.8,616.2
5934340.9,332826.6,616
5934349.3,332805.3,616.2
5934362.9,332776.2,615.9
5934371.3,332757.2,616.1
5934374.1,332749.3,616.1
5934385.2,332728,616.4
5934396.6,332701,616.9
5934407.9,332673.8,617
5934423.6,332637.5,616.8
5934425.1,332633,616.6
5934443.6,332590.9,616.2
5934455.1,332562.3,616.2
5934469.9,332518.5,616.1
5934487.1,332480.6,616.6
5934500.1,332451.8,616
5934513,332425.2,616
5934524.6,332399.7,615.2
5934541.8,332369.5,615
5934560.6,332332.2,615
5934583.8,332284.1,615
5934586.7,332279.4,615
5934611.7,332216.9,615.2
5934629.8,332168.3,616.1
5934631.3,332163.5,616.1
5934642.4,332123,616.9
5934653.3,332086,617.6
5934654.8,332081.2,617.6
5934673.5,332022.5,618.4
5934687.6,331963.8,619.5
5934687.1,331937,620.7
5934691.6,331913.6,620.9